{
  "version": "2021.1",
  "applications": [],
  "platforms": [],
  "systems": [
    {
      "name": "bnn_system",
      "platform": "/opt/xilinx/platforms/xilinx_zcu102_base_202110_1/xilinx_zcu102_base_202110_1.xpfm",
      "sysConfig": "xilinx_zcu102_base_202110_1",
      "buildConfig": "Emulation-SW",
      "applications": [
        {
          "name": "bnn_system_hw_link",
          "platform": "/opt/xilinx/platforms/xilinx_zcu102_base_202110_1/xilinx_zcu102_base_202110_1.xpfm",
          "sysConfig": "Linux on x86",
          "domain": "pl",
          "system": "bnn_system"
        },
        {
          "name": "bnn_kernels",
          "platform": "/opt/xilinx/platforms/xilinx_zcu102_base_202110_1/xilinx_zcu102_base_202110_1.xpfm",
          "sysConfig": "Linux on x86",
          "domain": "",
          "system": "bnn_system"
        },
        {
          "name": "bnn",
          "platform": "/opt/xilinx/platforms/xilinx_zcu102_base_202110_1/xilinx_zcu102_base_202110_1.xpfm",
          "sysConfig": "xilinx_zcu102_base_202110_1",
          "domain": "xrt",
          "system": "bnn_system"
        }
      ]
    }
  ],
  "others": []
}